id,Customer_Name,Contact_Email,Address,City,Postal_Code,Country
1,Verile,Hester,Chandra,Artair,Aldon,Mallissa
2,Harriett,Marie-jeanne,Osmond,Erasmus,Dari,Aluino
3,Gerry,Vin,Arlin,Levon,Nelie,Calvin
4,Annadiana,Iorgo,Porter,Manuel,Alfy,Madeline
5,Lonna,Kristel,Horst,Bronson,Arlen,Ursala
6,Joyous,Suzi,Cassandry,Sutherland,Odette,Auria
7,Dugald,Phillip,Enrique,Wainwright,Jasmina,Reid
8,Shepherd,Ailbert,Clare,Saloma,Emma,Catha
9,Sammy,Marrissa,Val,Mick,Linoel,Emmi
10,Hasty,Minda,Thomasine,Leslie,Saleem,Werner
11,Maurene,Dinny,Reeva,Hillyer,Yolanda,Dawn
12,Tammara,Liam,Krishna,Lindsey,Sandye,Persis
13,Spenser,Alan,Barbi,Nichol,Clayborn,Jacquelin
14,Jamey,Tyne,Felicio,Kirby,Christen,Dev
15,Chandra,Dallas,Inger,Shani,Sasha,Nike
16,Mariana,Lon,Darcey,Kacie,Ange,Ruben
17,Linea,Lyn,Amye,Kalle,Krisha,Charlie
18,Rutledge,Tiffie,Dar,Kalle,Heinrick,Cortney
19,Allard,Norina,Tedda,Olenolin,Merv,Riley
20,Rolph,Mira,Hartwell,Malissia,Doll,Glad
21,Chaddy,Berk,Brandi,Mario,Constantina,Osborne
22,Camille,Jaclyn,Beverlee,Page,Merrie,Starr
23,Oralia,Vincenz,Osborne,Erie,Serene,Cornela
24,Glad,Dannie,Trish,Bettye,Cos,Merrili
25,Barrie,Francyne,Vanya,Valentia,Kesley,Corina
26,Dorthea,Tildy,Olimpia,Rozanna,Sal,Wilhelmina
27,Aguie,Kordula,Shay,Justine,Toddie,Viola
28,Kalvin,Rafael,Jeana,Harlan,Sully,Kelci
29,Lyndsey,Obie,Shauna,Carlota,Mohandis,Lance
30,Brit,Donal,Prudy,Cahra,Annamaria,Ettie
31,Nicoli,Berkie,Felix,Laraine,Kincaid,See
32,Reynard,Felipa,Aaron,Fair,Jude,Ellene
33,Ryan,Edik,Etheline,Isac,Jacobo,Hebert
34,Boigie,Fields,Lionello,Hugo,Daniella,Devan
35,Cleve,Marlane,Ivan,Maggi,Brigid,Ermengarde
36,Stacia,Elora,Jodie,Horatio,Reta,Glad
37,Brew,Birdie,Bailey,Murial,Martina,Jorge
38,Herminia,Bail,Marlo,Shadow,Cati,Devondra
39,Nora,Elora,Berkeley,Donnie,Gwyn,Rosa
40,Lynette,Marylin,Ripley,Lawrence,Giordano,Esmeralda
41,Xavier,Sasha,Ezri,Zedekiah,Urban,Egor
42,Ray,Darsey,Camila,Hurlee,Culver,Cristine
43,Lindsay,Hermine,Jdavie,Georgette,Ludovico,Larissa
44,Chrotoem,Ware,Hazel,Shae,Dot,Leonie
45,Lezley,Gipsy,Reece,Krysta,Happy,Dasha
46,Dorian,Urbanus,Bidget,Carlos,Magdalena,Launce
47,Coralie,Jolynn,Jere,Niven,Ranee,Lenna
48,Trudi,Wallie,Audy,Everett,Sol,Kizzee
49,Luce,Sophronia,Georgy,Clarine,Jorey,Walton
50,Karilynn,Ursula,Kippy,Em,Harrietta,Bertrand
51,Jarrod,Bradford,Giustino,Gregory,Charlean,Jane
52,Kitty,Sibbie,Erda,Colet,Allyn,Allister
53,Adrea,Linc,Enid,Tyson,Maiga,Mile
54,Kassandra,Leigh,Obed,Gail,Matilde,Cull
55,Andrey,Sol,Jay,Enriqueta,Baron,Paulina
56,Dorrie,Odette,Sidonnie,Kynthia,Alika,Marcelia
57,Mario,Jocelyne,Kalle,Meggie,Reese,Flin
58,Carry,Emogene,Adan,Perice,Gwyneth,Murdock
59,Carlye,Andriette,Stormi,Lynna,Stillman,Reinaldos
60,Berenice,Mira,Alfi,Ursola,Stewart,Zena
61,Jae,Durante,Ruddie,Erroll,Cally,Matthieu
62,Ches,Tammie,Ban,Sarene,Adolphe,Otto
63,Selig,Ashby,Wilbur,Emilee,Dave,Freddy
64,Jo-anne,Hiram,Rosmunda,Kellyann,Shanie,Vida
65,Rochell,Wilbert,Towny,Celestina,Susann,Carolin
66,Peder,Ripley,Aloysia,Bard,Hilton,Marina
67,Margeaux,Robbie,Traci,Angy,Heath,Magda
68,Janeen,Maris,Lauri,Enrika,Gui,Agnola
69,Joice,Barnett,Michale,Angie,Adeline,Ronalda
70,Cally,Teri,Bertha,Kleon,Jeno,Bordy
71,Rachelle,Wilow,Dalton,Kordula,Kyrstin,Sherlocke
72,Archy,Calypso,Alasteir,Geordie,Saxe,Riannon
73,Olia,Shanna,Orrin,Shanta,Carlyn,Dru
74,Franni,Terza,Gottfried,Krishnah,Gabriella,Clarabelle
75,Beniamino,Rorke,Mycah,Ellary,Hanni,Anson
76,Berget,Tobe,Aurelea,Rey,Warden,Basilius
77,Henry,Nealon,Corabella,Camella,Kendal,Jilly
78,Kris,Ira,Hildagarde,Marjie,Ilysa,Jessi
79,Claudio,Ulberto,Fabe,Allister,Holt,Tessy
80,Reeva,Arin,Alysia,Yvonne,Janel,Ian
81,Sidoney,Eugen,Pooh,Kayla,Theresina,Shanda
82,Cristina,Nicolas,Konstance,Coreen,Farley,Elane
83,Mildred,Gerrie,Bart,Skippy,Kynthia,Turner
84,Wilhelmine,Padraic,Inigo,Clo,Tatiana,Shanda
85,Enrichetta,Andria,Alisa,Brant,Auroora,Arron
86,Felice,Noble,Maureene,Tallia,Laurella,Ruben
87,Jessy,Harp,Charline,Cherilyn,Allx,Lynna
88,Gaby,Emalee,Konrad,Hilly,Ulrika,Ailyn
89,Peri,Jeffrey,Reider,Marji,Reuben,Leon
90,Helaine,Othilia,Cornela,Hillary,Alvis,Leroy
91,Noreen,Agosto,Hinda,Pollyanna,Nolana,Goldi
92,Rosamund,Shirl,Bev,Barry,Salomo,Faunie
93,Morry,Allie,Travus,Isidor,Bernadette,Millie
94,Marena,Baldwin,Yard,Amy,Corny,Catharine
95,Eliot,Fonz,Justen,Silva,Shirleen,Rivkah
96,Cad,Jerrilee,Greta,Normy,Rodolfo,Sari
97,Tye,Selene,Tuckie,Susi,Robinetta,Anatola
98,Anette,Leonora,Flin,Annnora,Ashely,Eberto
99,Shaun,Torry,Trevar,Abel,Ediva,Octavius
100,Milissent,Kathe,Hertha,Werner,Kean,Cathie
101,Alexandr,Fidole,Jaclin,Spense,Enid,Lauri
102,Angie,Lowell,Dawn,Cassi,Dasi,Feodora
103,Dallas,Brendin,Monroe,Nolan,Bertrand,Tommy
104,Clay,Arty,Lazar,Phillida,Cherrita,Erick
105,Wally,Mollee,Tito,Donny,Tara,Silvio
106,Winny,Poul,Wilona,Shaylynn,Mohandas,Scarface
107,Madeline,Cairistiona,Brier,Beret,Rube,Shaine
108,Briny,Karil,Lind,Grace,Candra,Leslie
109,Mayer,Deerdre,Sindee,Bax,Cicely,Huntington
110,Brynn,Oneida,Grissel,Nora,Dre,Elysee
111,Marcella,Darryl,Lesly,Valentia,Hendrik,Sib
112,Sofie,Bendicty,Averell,Salvatore,Heall,Katya
113,Kaitlyn,Vinnie,Rici,Belvia,Koralle,Morgen
114,Dniren,Mady,Maurine,Arnie,Lotte,Burtie
115,Ricard,Sarene,Annie,Talya,Gerta,Ade
116,Scot,Rossy,Jeniffer,Guthrie,Kelcey,Linnet
117,Lola,Marketa,Ulysses,Shay,Jackie,Pierce
118,Margarette,Fin,Isabeau,Winny,Mariellen,Cross
119,Vivie,Joell,Claudius,Noble,Piper,Lorin
120,Warren,Kirsten,Randolf,Kelcey,Modestia,Felicity
121,Corina,Ricki,Karin,Marve,Saloma,Catriona
122,Alli,Marsiella,Shurlock,Augie,Trumann,Kimmy
123,Roarke,Brody,Lisbeth,Mead,Janifer,Lianna
124,Rafaello,Aluino,Saundra,Zaneta,Jocko,Adelheid
125,Keane,Wildon,Auroora,Dotti,Anatol,Stanislaus
126,Pierrette,Kellyann,Slade,Kary,Eldon,Edin
127,Tibold,Martynne,Aylmar,Nonna,Yolane,Freeman
128,Brietta,Edgardo,Jandy,Hildegarde,Clevey,Brewster
129,Freedman,Bessy,Joy,Flore,Norean,Atlante
130,Emmalynn,Quillan,Jamison,Ingeberg,Bentley,Maddy
131,Padriac,Loydie,Karlen,Emilia,Briggs,Jere
132,Lizabeth,Valentijn,Sheffy,Costa,Carine,Lauraine
133,Kira,Drusilla,Harold,Scarlet,Latia,Gilda
134,Concordia,Roanne,Abagail,Georgianne,Doloritas,Putnem
135,Jimmy,Jess,Karlik,Trenna,Andre,Irina
136,Madeline,Bartholomeus,Kimball,Kyla,Rosalynd,Byram
137,Ysabel,Chariot,Jaquelyn,Dilly,Elsie,Ranice
138,Keelia,Pancho,Evelin,Christy,Raquela,Christophe
139,Emmet,Rosamund,Pamelina,Truda,Agnese,Linzy
140,Colan,Wells,Rodi,Flem,Brietta,Hilton
141,Davina,Aubine,Stanwood,Binni,Bibbye,Ericha
142,Gery,Gabi,Andrea,Shelley,Gail,Loren
143,Emanuele,Boycie,Cassaundra,Timi,Millie,Kurtis
144,Hubert,Elijah,Stefanie,Ramsay,Petra,Rosaleen
145,Timofei,Jessalyn,Brynna,Barnaby,Blondie,Arni
146,Anton,Norby,Dallon,Sherill,Hardy,Durante
147,Rosabel,Brandice,Smitty,Monty,Krisha,Amy
148,Justina,Janaya,Nana,Pooh,Ossie,Clerc
149,Reggie,Row,Ritchie,Mella,Carita,Jolynn
150,Katalin,Arin,Layney,Perla,Gaspar,Cash
151,Stanleigh,Belva,Alano,Ceil,Annalise,Noll
152,Darla,Marius,Liam,Demetra,Terra,Neila
153,Diandra,Torrie,Fraze,Corey,Inge,Bondie
154,Halley,Patsy,Morgen,Charmaine,Jolee,Bev
155,Idell,Dolli,Kip,Sidonnie,Patty,Romonda
156,Maximilian,Federico,Monty,Viviyan,Curr,Burlie
157,Louis,Brandice,Anna-diana,Peggy,Caitlin,Matthieu
158,Ezekiel,Andre,Dru,Donni,Darlene,Yance
159,Melina,Yance,Sharyl,Alisa,Geri,Joyan
160,Farley,Maia,Bentlee,Corella,Salvidor,Ursuline
161,Nesta,Giovanna,Alexa,Josephine,Phyllys,Guido
162,Marquita,Phineas,Suellen,Claudelle,Garald,Bellina
163,Heath,Melessa,Kyle,Tandi,Rozina,Esme
164,Aylmar,Godard,Deane,Saidee,Broddie,June
165,Demetre,Agneta,Gabriello,Ethelbert,Erena,Pen
166,Kaitlyn,Mallory,Lindy,Marty,Basilius,Ellyn
167,Shelia,Alikee,Danni,Irma,Tan,Caryl
168,Xylina,Sophey,Star,Hana,Vanny,Kristien
169,Teodorico,Flem,Bear,Kiri,Eward,Ophelia
170,Leigha,Corrianne,Chadwick,Maurizio,Cher,Renard
171,Sauveur,Nikaniki,Charlean,Celle,Celesta,Doris
172,Cicely,Saidee,Julius,Benjie,Alleen,Ame
173,Clement,Aloisia,Micheil,Cris,Cathe,Evelyn
174,Dahlia,Gabriele,Brynna,Cullen,Zollie,Brit
175,Betsey,Prudy,Flo,Aristotle,Ulrick,Eyde
176,Callida,Sly,Brook,Mechelle,Beauregard,Fidole
177,Heather,Andros,Jerry,Ramsay,Otes,Darryl
178,Dewain,Whitney,Jillana,Cathyleen,Hadley,Shell
179,Juliann,Tammy,Jedd,Elana,Otes,Say
180,Katharine,Dorine,Devland,Olwen,Horatia,Caty
181,Stesha,Carma,Lindi,Evanne,Georgeta,Madelene
182,Karlie,Elly,Claribel,Rennie,Adelheid,Martica
183,Jacklyn,Blithe,Giffie,Wyndham,Rudie,Brigit
184,Conan,Tremayne,Francoise,Joell,Fidelia,Bord
185,Willetta,Gale,Lynna,Luigi,Darbee,Jennica
186,Granny,Othilie,Nevins,Waverley,Peterus,Barnett
187,Stormy,Ashley,Kristan,Jillian,Emily,Zach
188,Ferguson,Arny,Jamal,Anni,Shane,Morgun
189,Kizzie,Elwin,Ninnetta,Dex,Derron,Ally
190,Saloma,Elisha,Sinclair,Tabb,Alasteir,Erin
191,Lemuel,Frank,Garrot,Tybi,Freeman,Adan
192,Evvie,Wiley,Analise,Drusy,Dewitt,Isis
193,Elnar,Orelia,Brewer,Annalise,Nester,Stormy
194,Skipper,Marcus,Arlina,Andreana,Torin,Lionel
195,Janey,Marthena,Ianthe,Lyda,Dayle,Menard
196,Alma,Alisha,Clyde,Nolan,Gunther,Germana
197,Lusa,Inesita,Armstrong,Quillan,Patin,Lloyd
198,Damaris,Laverne,Arthur,Jillane,Elberta,Angelique
199,Jordan,Sapphira,Adrien,Merrill,Noni,Vinny
200,Clareta,Brooks,Corabella,Timmy,Fletch,Butch
201,Nicole,Spence,Brandie,Packston,Latisha,Terence
202,Noelle,Libby,Forrester,Illa,Ethel,Minda
203,Arlyne,Malachi,Dorene,Miriam,Marlo,Wylie
204,Sergeant,Gretna,Maggee,Teirtza,Brendin,Brendin
205,Hobard,Aleta,Amble,Raimundo,Brett,Win
206,Muriel,Andrej,Giorgio,Culver,Patrice,Farica
207,Sonnnie,Roobbie,Garland,Connor,Meredith,Goddart
208,Ines,Atlanta,Amity,Daile,Klemens,Bellina
209,Florence,Kiele,Timmy,Dix,Brnaby,Marlyn
210,Allis,Tiebout,Guenevere,Gayel,Worthington,Loise
211,Minne,Kahaleel,Babbette,Orv,Anatol,Robbert
212,Demetria,Dalila,Steffi,Maggee,Kim,Dale
213,Sandie,Reinold,Claudianus,Tad,Brynne,Morten
214,Bay,Cally,Conrado,Tyne,Mandy,Orsa
215,Clemmie,Erskine,Gwendolen,Ermentrude,Jacquelin,Isaiah
216,Maximilianus,Levon,Joellen,Krissie,Luz,Parsifal
217,Elsinore,Pru,Coop,Tybie,Laurie,Arlyne
218,Keeley,Odille,Misti,Claudia,Lexine,Michelina
219,Seka,Terence,Ferne,Melisande,Dore,Maia
220,Paola,Kelcey,Algernon,Karry,Cointon,Osborn
221,Mariquilla,Barr,Stefano,Mikael,Jacynth,Tatiana
222,Keven,Dallon,Willey,Berkly,Dalston,Marilyn
223,Codee,Hieronymus,Anthiathia,Joyan,Ronny,Julian
224,Dulcinea,Tanitansy,Torrence,Lenora,Jennica,Dayna
225,Emelen,Timofei,Nathanil,Giacomo,Bennett,Harlan
226,Belle,Ignatius,Berkley,Zara,Arlyn,Beret
227,Lauryn,Sid,Jemima,Lorrie,Andre,Shel
228,Caresa,Christi,Marcelline,Shena,Ardelia,Cass
229,Ferdinand,Roze,Minda,Magdalena,Tye,Timi
230,Brunhilda,Niel,Pammi,Sabra,Ruby,Kore
231,Martina,Alleen,Drucill,Maitilde,Delcine,Rossie
232,Baird,Clifford,Wendeline,Norah,Jereme,Matthiew
233,Margarete,Bobbie,Burnaby,Stinky,Preston,Chuck
234,Hedi,Moll,Janel,Carl,Ira,Teddi
235,Kaye,Rex,Minor,Ki,Arther,Whit
236,Milo,Adi,Laurianne,Hedwiga,Kristel,Marla
237,Jenilee,Spense,Jade,Nathanael,Harcourt,Hayward
238,Allina,Berky,Ranee,Godfrey,Darrick,Gianna
239,Nadine,Marina,Dallas,Mavra,Emmalyn,Ardella
240,Patton,Amanda,Myrtle,Errol,Fidelio,Florrie
241,Fernande,Yank,Hermine,Marthena,Drucie,Bridgette
242,Konstantine,Isac,Silva,Susanetta,Giulietta,Reynard
243,Charlena,Faydra,Huntington,Donni,Brett,Catha
244,Olivier,Maggie,Rhodia,Beulah,Zechariah,Emera
245,Garnet,Farlee,Bucky,Obie,Angel,Carter
246,Merrile,Florette,Nonnah,Logan,Avrom,Salmon
247,Evangelina,Jone,Pincas,Nikita,Mar,Lily
248,Juditha,Isaiah,Sampson,Piotr,Bevvy,Washington
249,Margalo,Duncan,Dorise,Darda,Alyson,Rita
250,Jarred,Christoffer,Hermia,Lesley,Rafa,Mirna
251,Evy,Alfy,Joni,Vassili,Odille,Alika
252,Antoine,Arnie,Edik,Ari,Jarrod,Zeb
253,Britteny,Rosalinde,Deane,Audry,Perl,Doloritas
254,Winna,Sibeal,Allyn,Tyson,Vin,Abra
255,Javier,Ezequiel,Silvain,Sanders,Felicio,Jeremiah
256,Pacorro,Alex,Jayme,Travers,Meta,Sherwynd
257,Ranique,Lutero,Tanhya,Rici,Chelsey,Dell
258,Gaynor,Constancia,Brooke,Cordula,Darrell,Pearla
259,Ev,Tommie,Elden,Bronny,Maxine,Ferguson
260,Franky,Annalise,Benjamin,Kaitlyn,Jules,Nyssa
261,Linn,Joachim,Frederick,Nahum,Cammi,Sayers
262,Edna,Roselia,Adelle,Lorelle,Percy,Tamarah
263,Norine,Andria,Eddy,Alicia,Clive,Andie
264,Tristan,Sid,Corliss,Nerta,Emmye,Lorianna
265,Niall,Starr,Jamill,Ruddie,Fallon,Beaufort
266,Giacobo,Garek,Briney,Nev,Connor,Teresita
267,Matilde,Arly,Wanda,Rolfe,Elfie,Libbi
268,Zelma,Hillyer,Caye,Ludvig,Kylynn,Wendye
269,Loralee,Gael,Holt,Clarabelle,Onida,Ganny
270,Kermie,Fran,Ernesto,Berne,Tucky,Way
271,Lyda,Melisande,Wood,Christyna,Katha,Chryste
272,Cathrine,Matty,Mil,Goldy,D'arcy,Carmen
273,Frederigo,Aldus,Alistair,Vitia,Ara,Donna
274,Bevon,Bertine,Ahmad,Mandi,Rozella,Frants
275,Chen,Melvin,Corey,Tristam,Miguelita,Kora
276,Richmond,Alberik,Ame,Tildy,Livvyy,Tally
277,Porty,Cherey,Gayler,Conrado,Ronnie,Geneva
278,Leland,Lemar,Leo,Gennie,Ty,Bettye
279,Lucienne,Lucien,Keelia,Gussy,Katha,Rowen
280,Roxanna,Cullie,Sax,Hakim,Morley,Eugenius
281,Claudette,Avram,Lilah,Blayne,Idette,Jerrie
282,Blisse,Isidoro,Niles,Marge,Winston,Kalli
283,Job,Lindsay,Arturo,Jeanelle,Liza,Leonard
284,Shalne,Terrijo,Maurie,Row,Gare,Dulsea
285,Evie,Randolf,Elke,Orbadiah,Camala,Donny
286,Hubert,Dyanna,Carlie,Barbra,Clareta,Adore
287,Caren,Odell,Jannelle,Tuesday,Louie,Dominga
288,Jefferey,Robbie,Sebastien,Margy,Lenore,Helena
289,Tremayne,Tina,Tobye,Tomlin,Selby,Melba
290,Courtney,Lotta,Westley,Serena,Abeu,Magdalen
291,Lurleen,Lotti,Nathalia,Sallyann,Cal,Pedro
292,Ode,Chance,Modesty,Jilli,Wallas,Georgette
293,Idelle,Mildred,Barrie,Carena,Lynne,Meier
294,Tomas,Aubrette,Clare,Rodolfo,Valerye,Ofella
295,Calhoun,Oran,Angel,Melesa,Mabelle,Felicio
296,Fionna,Gordy,Perri,Nowell,Ty,Christy
297,Keelia,Milka,Dukey,Jarrod,Guinna,Alonso
298,Lory,Garnet,Hilly,Celine,Tristam,Arlette
299,Lorinda,Debee,Timofei,Niko,Kimberley,Hilly
300,Della,Gelya,Carma,Roosevelt,Berni,Sadye
301,Sharai,Valina,Renaldo,Gabbi,Josepha,Abramo
302,Rene,Elinor,Ali,Margi,Cullen,Eddie
303,Jacques,Gun,Chelsae,Bernita,Claiborn,Almeda
304,Kyle,Cary,Normie,Else,Nannie,Wendie
305,Maxim,Gorden,Forrest,Ravi,Ruthann,Anna-maria
306,Anthea,Elianora,Fielding,Loralie,Kerry,Katerina
307,Pavia,Christalle,Kalvin,Odelia,Bill,Cicely
308,Marne,Bonny,Riki,Melamie,Scarface,Dennie
309,Basia,Marty,Kylen,Annecorinne,Drucie,Ayn
310,Maxie,Nobe,Ezri,Yardley,Jodie,Kermie
311,Queenie,Gilberto,Floris,Shae,Demetris,Cristiano
312,Rowney,Lula,Maren,Etti,Tabb,Kipper
313,Paquito,Vlad,Vallie,Glyn,Brantley,Andres
314,Maurice,Lianna,Adara,Basilio,Carling,Bank
315,Raviv,Rutherford,Shawna,Dud,Rob,Bonnibelle
316,Roberta,Ryan,Molli,Fedora,Alis,Lauren
317,Alvis,Kora,Lolly,Christopher,Dacey,Eddie
318,Mela,Lisette,Cal,Theressa,Holly,Baxie
319,Brynn,Flor,Sophia,Darcey,Eveleen,Mellisa
320,Meridel,Corrianne,Maure,Dorothee,Heindrick,Berne
321,Cooper,Marven,Belita,Barr,Jule,Paulette
322,Arlan,Alan,Merrile,Rich,Ringo,Dawna
323,Grant,Loree,Melinda,Lucais,Lorilee,Bent
324,Derward,Loraine,Minnaminnie,Harmon,Krispin,Stuart
325,Rorie,Olympie,Emmerich,Augustina,Gabriela,Evelin
326,Fayina,Keriann,Drew,Devy,Walden,Rhea
327,Marna,Tommy,Allan,Leeanne,Romonda,Noelani
328,Sybyl,Gerrard,Martin,Caria,Sashenka,Loella
329,Hailee,Jason,Roseline,Siusan,Wini,Casi
330,Jamima,Alaric,Shirline,Eolanda,Athena,Poul
331,Raven,Wallace,Drake,Nisse,Madeleine,Ethel
332,Pat,Lindon,Brynne,Lanie,Adelheid,Lonnard
333,Galven,Bathsheba,Rayna,Jacques,Coralie,Fraze
334,Kenna,Russ,Othilie,Sheridan,Brandon,Morlee
335,Moise,Annis,Murdoch,Lynde,Bendicty,Fawn
336,Quinton,Bernadene,Neils,Pattie,Glyn,Ginevra
337,Berri,Riki,Ward,Jemmie,Theodor,Tallia
338,Karel,Tuck,Lana,Caitrin,Kippie,Mignonne
339,Edan,Griffith,Ryan,Madeleine,Brett,Kora
340,Georgianne,Izabel,Camilla,Raimondo,Mildred,Almeta
341,Moore,Luisa,Chrystel,Marty,Chaunce,Yolande
342,Cele,Vlad,Lucia,Korrie,Sal,Baudoin
343,Luigi,Esdras,Ad,Elinor,Florie,Alasteir
344,Minnnie,Amalie,Sharon,Lorelei,Verna,Veronique
345,Beverie,Asher,Mirabelle,Rustie,Bryn,Lora
346,Selie,Cora,Talbert,Winne,Lela,Kerrin
347,Bennie,Kendre,Baryram,Silvanus,Sergei,Konstantin
348,Saudra,Celle,Noll,Garik,Ludovika,Harcourt
349,Yalonda,Candra,Noak,Clayton,Viva,Wade
350,Bryana,Biron,Filbert,Yolande,Jeralee,Normy
351,Orel,Silvan,Ilise,Arnie,Barny,Pincas
352,Korrie,Delbert,Theresita,Raleigh,Gardner,Barbara
353,Farah,Thomasine,Hally,Scot,Simeon,Isadora
354,Raffarty,Lorne,Brynne,Pacorro,Aurlie,Florance
355,Jacenta,Harvey,Grenville,Onida,Janela,Lee
356,Jaymee,Nelle,Rolando,Kiley,Kingsly,Tanitansy
357,Kelsey,Ashlie,Charyl,Flory,Stearn,Mar
358,Becca,Georgie,Amii,Elva,Frannie,Malchy
359,Wolfgang,Marijo,Heather,Janina,Elisabeth,Alvin
360,Ettore,Celene,Gypsy,Valeda,Candis,Bethina
361,Vikky,Karin,Fernande,Gennie,Bord,Madelina
362,Jaimie,Gardiner,Silvano,Kaine,Giff,Jerrilee
363,Ximenez,Sibilla,Gwendolyn,Marchelle,Penni,Leta
364,Margit,Patton,Gasper,Daryle,Germaine,Cesya
365,Ashil,Winnifred,Dalia,Ivie,Franciska,Kellen
366,Margaux,Vivia,Elfreda,Ardelia,Tobin,Maynard
367,Yvor,Fitz,Alfie,Roda,Madelin,Cora
368,Dannye,Lorelei,Otho,Lura,Joyan,Lou
369,Mortie,Barbie,Raffaello,Odelle,Barnaby,Iris
370,Sukey,Gillie,Sherill,Cole,Mikaela,Jacinda
371,Randi,Crysta,Mariana,Rasla,Cad,Estrella
372,Vite,Wood,Quentin,Ibby,Nat,Ondrea
373,Benji,Powell,Gaven,Ibrahim,Devon,Ginelle
374,Francisca,Jelene,Fredericka,Katleen,Hogan,Daisi
375,Herbie,Thornie,Arabela,Alister,Audi,Natty
376,Willie,Avictor,Arie,Casper,Sylvan,Latashia
377,Dunc,Emyle,Shelbi,Lorita,Cherlyn,Ben
378,Gilbertine,Carlos,Guillermo,Drusy,Tandie,Zackariah
379,Marve,Kingston,Shepperd,Bendick,Jerrome,Kippie
380,Nikolai,Leanora,Demeter,Raddie,Carlina,Chas
381,Thia,Madelyn,Verge,Isa,Cornelle,Had
382,Crichton,Theodosia,Erica,Neila,Carolynn,Carree
383,Estell,Hertha,Cchaddie,Eddie,Nona,Valaree
384,Derrick,Adaline,Elsey,Augusta,Hugues,Lambert
385,Clement,Anneliese,Joli,Meredith,Ethan,Luise
386,Estella,Cointon,Carline,Jud,Beatrice,Francine
387,Paolo,Sollie,Thatch,Tudor,Wilie,Ferd
388,Kipper,Daniele,Jenifer,Olive,Betsey,Haskell
389,Giustina,Allistir,Gabe,Denney,Deerdre,Laraine
390,Yule,Gerick,Shelton,Jerry,Marnia,Stacee
391,Athene,Linette,Sanford,Roscoe,Natalya,Marten
392,Lewiss,Fletch,Skippy,Kiley,Rip,Danika
393,Abbe,Cob,Candide,Napoleon,Mohandas,Shaylyn
394,Adelbert,Shepard,Druci,Joletta,Anthe,Steven
395,Carmelita,Nadine,Hesther,Josefina,Querida,Rodolfo
396,Sherman,Christian,Damian,Zonda,Bert,Edee
397,Lanie,Blakeley,Orel,Anatol,Trevar,Vincents
398,Guy,Townie,Jess,Ursa,Feodor,Thomasine
399,Erl,Gerrie,Nefen,Jyoti,Rosmunda,Vasilis
400,Ardisj,Ardys,Herb,Verene,Phil,Irma
401,Clarke,Darby,Sheree,Maxwell,Tommy,Marylou
402,Jordan,Rafael,Joelly,Cheston,Page,Eleonore
403,Annis,Sauveur,Lucius,Bobette,Raoul,Madelina
404,Quintina,Elonore,Gustavo,Dolorita,Rycca,Fowler
405,Obidiah,Arlin,Tommy,Shirlene,Fanni,Des
406,Abbe,Jackson,Devlin,Adelind,Mildrid,Diann
407,Persis,Ingram,Erika,Trish,Will,Vi
408,Edan,Catlaina,Moises,Pat,Kassandra,Tarra
409,Barn,Conrado,Brad,Talia,Hebert,Lea
410,Cass,Tabby,Toby,Laraine,Sharron,Carolina
411,Xaviera,Whitney,Stanislaus,Leodora,Ricoriki,Trev
412,Durant,Dario,Quent,Kiersten,Tremain,Donn
413,Bernadine,Aluin,Diana,Vincenz,Shepperd,Annie
414,Orelie,Cornelia,Noach,Gregoor,Clyde,Shel
415,Stu,Arvy,Rosalyn,Loella,Gianni,Ursa
416,Laurene,Roch,Jacobo,Welch,Bonnibelle,Alfy
417,Cart,Cairistiona,Cora,Robin,Grissel,Marcy
418,Moyna,Vivyan,Orton,Huntington,Chrissie,Mela
419,Ferdinanda,Trev,Cristian,Broddie,Gerry,Rodrick
420,Kizzie,Pauli,Ab,Demeter,Kata,Jamey
421,Benito,Odilia,Willi,Wilt,Kinsley,Morganne
422,Maxwell,Annecorinne,Linn,Cynthia,Libbi,Lula
423,Liza,Alain,Monty,Don,Bethena,Clayton
424,Nessa,Berkeley,Lani,Sinclare,Marieann,Devland
425,Yevette,Zeke,Elbert,Ranee,Manfred,Jared
426,Ruddy,Jade,Josie,Hilly,Darbee,Vincents
427,Jorge,Viviyan,Alicea,Winny,Bo,Minette
428,Shawna,Ingrid,Josie,Rebe,Duane,Sancho
429,Inga,Annis,Thurston,Wittie,Lillian,Burnaby
430,Simonne,Mag,Lenee,Ag,Alwin,Hildagard
431,Shela,Caesar,Tomaso,Maridel,Garald,Welby
432,Coraline,Julina,Elvera,Charil,Trstram,Bryn
433,Alister,Milka,Averyl,Vassili,Adrian,Caron
434,Lucienne,Louisette,Felicia,Margarete,Wendye,Gray
435,Letta,Artair,Lily,Reinald,Teodorico,Shanta
436,Sylvia,Clementine,Babette,Zachery,Ediva,Karel
437,Joyce,Dagny,Caterina,John,Udall,Tiffanie
438,Jereme,Elnore,Winthrop,Dulsea,Michelina,Mirabel
439,Nappie,Kristi,Max,Codi,Trix,Ilyssa
440,Kellen,Milissent,Ragnar,Pierce,Alla,Kakalina
441,Kelci,Cull,Maxine,Ivory,Sherwood,Becky
442,Bartie,Cesare,Donnie,Liliane,Brittany,Fara
443,Lucine,Lynnea,Aura,Phyllida,Courtney,Berny
444,Sly,Leupold,Arlen,Chester,Ardyth,Ken
445,Lanni,Corrina,Valentine,Benny,Tomasina,Michel
446,Freedman,Imogen,Dusty,Zorana,Llywellyn,Netti
447,Gianna,Prudy,Lorri,Alla,Lemuel,Berenice
448,Elana,Nollie,Ewart,Fara,Marianna,Jackelyn
449,Cari,Stormy,Ravi,Bartolomeo,Tommie,Barth
450,Calvin,Cherianne,Auberon,Melisande,Elwira,Ross
451,Darice,Abner,Antons,Domini,Durand,Wendy
452,Duky,Rosalie,Othella,Renault,Florentia,Waylen
453,Dulcia,Ronna,Saunder,Jelene,Arnold,Sheena
454,Melinde,Michaela,Barbabra,Drugi,Tallia,Chrissie
455,Lynsey,Putnem,Cayla,Shalom,Liv,Rem
456,Chick,Fredrika,Tomkin,Kassia,Sollie,Fallon
457,Lilian,Devon,Jed,Adorne,Dav,Rosalie
458,Betsey,Moises,Petunia,Alister,Emmaline,Husain
459,Norah,Marlo,Pauline,Meara,Baxie,Joleen
460,Rivy,Wakefield,Melamie,Lisle,Ambrosi,Jocelin
461,Orion,Barbie,Helsa,Juliann,Warde,Ahmed
462,Aubert,Estevan,Abigale,Timoteo,Ashien,John
463,Ariela,Silvester,Jordanna,Chrissie,Drusie,Ferne
464,Addi,Eadie,Dacy,Fianna,Lira,Shelba
465,Alexander,Bambi,Heinrick,Jamil,Shirley,Veronique
466,Frasco,Mack,Rosabel,Randie,Remington,Maddie
467,Yvette,Seana,Rosco,Rosaline,Collie,Maurizio
468,Fernanda,Friedrich,Dorey,Forrester,Fabio,Blanche
469,Lynnette,Karine,Hinze,Allys,Ketti,Corbin
470,Garek,Clarita,Mercedes,Blondie,Ann,Ulberto
471,Ignace,Gus,Reinhold,Tony,Mayor,Klemens
472,Fanya,Lilith,Hamlin,Ewan,Malvina,Jazmin
473,Chaim,Tim,Tersina,Clarice,Ainslee,Virge
474,Wood,Jemie,Delores,Dave,Carine,Jaynell
475,Chicky,Jolene,Welch,Allis,Jeanne,Ignaz
476,Trevor,Lavena,Zaneta,Gerda,Gale,Godart
477,Jamey,Hilton,Rogerio,Elysee,Boonie,Chrisy
478,Zebulon,Ardine,Tansy,Donavon,Dot,Aleda
479,Joshuah,Corrinne,Leilah,Hogan,Pooh,Hobie
480,Sissy,Bertrand,Hogan,Frayda,Jud,Zebulon
481,Donall,Dorelia,Leann,Anabal,Mechelle,Beatrisa
482,Vivia,Jareb,Rubin,Oswald,Dorette,Kellie
483,Niko,Natale,Ramon,Tracey,Petronilla,Amber
484,Alyssa,Gussi,Jeffie,Dian,Afton,Lucille
485,Irene,Leoine,Westley,Elisha,Harriette,Camey
486,Emilee,Adelheid,Wendall,Shani,Eula,Grissel
487,Kirstin,Vitia,Alexine,Helyn,Roderic,Theda
488,Stanwood,Eldon,Brittni,Stefa,Neila,Reiko
489,Latrina,Isabelle,Justus,Wini,Lavena,Roth
490,Sisely,Cherin,Heidi,Esra,Glyn,Garwin
491,Cacilie,Dionisio,Marcella,Claribel,Gabriela,Maryellen
492,Paige,Deidre,Carlo,Abra,Tadd,Farra
493,Ardis,Warde,Debi,Borg,Cristian,Maude
494,Chrisy,Frank,Monica,Crystie,Eduard,Winn
495,Dorothee,Sumner,Amandy,Richmound,Travus,Kalina
496,Kaylyn,Rowland,Lucine,Betti,Bourke,Camey
497,Gretel,Parnell,Vania,Koressa,Carley,Carrie
498,Artur,Nevile,Whit,Alida,Menard,Engracia
499,Basilius,Raul,Julie,Marla,Agnola,Verile
500,Gloria,Oralle,Audry,Madison,Eloise,Flossi
501,Othilie,Michelina,Ainslie,Thayne,Davina,Reilly
502,Orion,Maudie,Bevin,Braden,Oswald,Chance
503,Brandise,Silvester,Sondra,Leighton,Timoteo,Deeann
504,Verney,Lombard,Fayette,Leta,Gardy,Trescha
505,Lonnard,Ashely,Pris,Merrick,Josey,Eugenio
506,Dennie,Reagen,Clareta,Nadia,Adora,Loise
507,Caitlin,Evan,Everett,Zorina,Audrie,Odele
508,Bernette,Wadsworth,Kendra,Oralie,Mel,Ardelia
509,Artemus,Chick,Othello,Susy,Bobbee,Brooks
510,Chiquita,Jinny,Ralf,Purcell,Estrellita,Rickie
511,Willy,Mirella,Suki,Augy,Bobbie,Hilary
512,Ravid,Sonja,Ajay,Nathaniel,Cyndy,Lyndsay
513,Eward,Grange,Jaine,Joya,Marjorie,Jessi
514,Dewitt,Arin,Amara,Lacie,Guinna,Lucille
515,Jerrome,Annemarie,Raleigh,Cherilynn,Piper,Darla
516,Georgeanne,Tatum,Liuka,Reina,Bruis,Christabel
517,Teddy,Zilvia,Courtenay,Antonius,Luke,Micheil
518,Laina,Hilliard,Brandyn,Prissie,Blanca,Emmalee
519,Olympia,Doyle,Nettle,Nigel,Kaleena,Meredeth
520,Hagen,Giffard,Dorene,Carolynn,Baillie,Ardenia
521,Jere,Brietta,Massimiliano,Kizzee,Peter,Ladonna
522,Arlyn,Kelvin,Wolfie,Sula,Viviana,Heywood
523,Celia,Vannie,Florencia,Wandis,Rosalinda,Rich
524,Melly,Lonnie,Carce,Walliw,Cortie,Pacorro
525,Aubrie,Ardath,Hagen,Karole,Boigie,Sharon
526,Diane,Noami,Louisette,Jaymee,Nicky,Illa
527,Shaylah,Lonee,Jamie,Quinlan,Warner,Maddie
528,Pace,Katina,Vanya,Glenine,Cyndie,Rochelle
529,Stu,Aurora,Orsola,Lombard,Melina,Niels
530,Ogdan,Jerald,Bert,Randy,Marta,Araldo
531,Retha,Celestyna,Dex,Tommy,Anderson,Denni
532,Daisey,Phaidra,Shayne,Dulsea,Gratiana,Jenni
533,Regen,Benedicta,Reider,Kessia,Jon,Demetri
534,Tiphanie,Brandyn,Ange,Phil,Alexia,Ardith
535,Kizzie,Lynn,Simeon,Justino,Liv,Clemmy
536,Atalanta,Rock,Laurette,Arin,Jim,Marieann
537,Mavis,Marjory,Wolfie,Ludovika,Isaak,Cooper
538,Augusto,Diannne,Barbara,Brandi,Mirna,Connie
539,Cristina,Kris,Adelice,Ursola,Dun,Rubie
540,Erskine,Briney,Courtnay,Bryce,Freda,Cly
541,Lexis,Arney,Cathie,Witty,Bernette,Guglielmo
542,Emma,Octavia,Rosene,Natty,Sophronia,Jdavie
543,Romeo,Tamarah,Marje,Orville,Waylin,Delaney
544,Lynnett,Gilemette,Rahal,Ros,Tansy,Eleanore
545,Adlai,Marijn,Nero,Pierre,Robby,Jobey
546,Alan,Clyde,Dacy,Otes,Noland,Ezmeralda
547,Starlin,Prudence,Ogdan,Audy,Windham,Frances
548,Salim,Aksel,Hal,Antonio,Ernestus,Merrilee
549,Rosemonde,Nonie,Gale,Vickie,Siobhan,Ferdinanda
550,Rodrigo,Johanna,Laurice,Kit,Goddard,Findley
551,Waly,Wendy,Emogene,Hadria,August,Chelsey
552,Pen,Ab,Olivie,Torrin,Suki,Ricca
553,Karyn,Conchita,Kelli,Mortie,Meta,Rheba
554,Katharyn,Drusilla,Lissy,Wenda,Jacintha,Greggory
555,Betsey,Lainey,Johnny,Gilberta,Johna,Costanza
556,Lyndsay,Tiff,Malinda,Mariquilla,Bernarr,Harmon
557,Katuscha,Millicent,Stephi,Jaye,Mira,Virginie
558,Pepita,Yoshiko,Garrick,Clerkclaude,Mahalia,Isadore
559,Viv,Lion,Tait,Orbadiah,Aundrea,Coral
560,Reginald,Derward,Wallace,Nessy,Meir,Walden
561,Benoit,Mollie,Halli,Standford,Odille,Isadora
562,Farlay,Colan,Ronald,Essy,Shaun,Wilbur
563,Marmaduke,Dukie,Tamra,Orel,Tommi,Jackqueline
564,Raphael,Tedie,Urbain,Olympie,Morly,Ken
565,Pernell,Layla,Melisa,Franciskus,Guillermo,Pearla
566,Rocky,Vail,Lenard,Merwyn,Audrey,Loreen
567,Ade,Kristo,Belicia,Liva,Germaine,Cesare
568,Katerine,Tome,Paolo,Austin,Clemens,Teirtza
569,Raquel,Aurore,Calypso,Emmott,Josias,Janet
570,Dulci,Curtis,Morrie,Daisie,Lurlene,Arny
571,Huntlee,Shani,Jenifer,Robin,Gard,Matthiew
572,Ross,Pavia,Dalli,Juliann,Maren,Carolan
573,Dante,Marietta,Elinor,Carina,Marget,Penelope
574,Kristal,Cathi,Barnett,Jud,Hyacinth,Kristal
575,Saundra,Kelsey,Cosette,Francene,Winfield,Catherina
576,Hetty,Sterling,Lamond,Karlen,Farley,Merwin
577,Parrnell,Tally,Milka,Hailey,Esra,Morgen
578,Jo,Vanna,Martita,Audrie,Abner,Melinda
579,Audre,Hobie,Paquito,Tabina,Lesley,Westleigh
580,Raynor,Rosamond,Georgie,Maddie,Valaria,Cordy
581,Newton,Domenico,Moritz,Jemmie,Vernen,Kendrick
582,Toinette,Edmund,Sheree,Arda,Cornelia,Rollo
583,Marsiella,Henrie,Norine,Joannes,Alanna,Chadwick
584,Norrie,Nisse,Domini,Ester,Arleyne,Billie
585,Tania,Analise,Ingar,Cullen,Sara,Jeremie
586,Gerta,Kalli,Elysha,Rasla,Dur,Althea
587,Bibi,Gabriela,Genny,Raimundo,Gan,Brinna
588,Marsiella,Nadean,Keary,Belva,Nanni,Harlene
589,Corri,Bobbye,Anabella,Devina,Electra,Shelagh
590,Halsey,Amaleta,Conrad,Reid,Elysha,Olive
591,Ariela,Anne,Sandy,Freda,Delila,Raoul
592,Farah,Terri,Aida,Myrah,Hammad,Grenville
593,Ruthy,Ciro,Bradly,Meir,Ludovico,Byram
594,Jackson,Harper,Doe,Odey,Roxi,Justis
595,Marietta,Brig,Nichole,Paige,Bert,Pinchas
596,Jeramie,Maxie,Raviv,Nikolos,Nevile,Dall
597,Rosabelle,Purcell,Mignonne,Alvera,Edmon,Riva
598,Maegan,Farlee,Licha,Elly,Thia,Simonne
599,Valli,Melisa,Walton,Katina,Nicoline,Pegeen
600,Silvester,Honey,Kayne,Isa,Josephina,Lauretta
601,Rodrick,Rab,Emlyn,Zarah,Rhea,Maddi
602,Nataniel,Lorenzo,Muffin,Prinz,Basil,Jenine
603,Savina,Sheena,Scott,Claudelle,Cos,Jermaine
604,Kelci,Jourdan,Rex,Lettie,Meris,Cherida
605,Carson,Darcey,Marianne,Misti,Ilise,Gypsy
606,Mavra,Fred,Garner,Donella,Aloysius,Gwenneth
607,Gardy,Stefa,Nerte,Christophorus,Karrie,Gwenette
608,Hollie,Dacey,Giustino,Leonie,Flemming,Jannel
609,Timmie,Rodney,Drake,Parker,Birgitta,Darci
610,Henrik,Gerick,Grove,Lanae,Sandra,Richard
611,Geoff,Dinnie,Daphna,Culver,Web,Di
612,Kacy,Emmi,Hashim,Maggy,Alexia,Burch
613,Creighton,Redford,Rosita,Don,Carey,Eunice
614,Danny,Hew,Kelli,Abel,Mavis,Hadleigh
615,Laurence,Ynez,Ives,Clotilda,Carie,Frazer
616,Bessie,Fredrick,Vally,Kikelia,Fifine,Berke
617,Ailyn,Parry,Marc,Tamarah,Lauren,Wald
618,Tucker,Carrissa,Ker,Kearney,Virgie,Darbee
619,Pascal,Cherilynn,Hardy,Nancie,Umberto,Kylen
620,Oran,Elysia,Chris,Andrus,Elna,Rab
621,Fayette,Lidia,Blanche,Tiffy,Blake,Crystie
622,Murdoch,Raddy,Stoddard,Candice,Luce,Austen
623,Uta,Ulick,Lisabeth,Guglielma,Dieter,Melba
624,Baillie,Emmit,Aubrey,Dalston,Christabella,Jasmina
625,Pincus,Rutter,Berti,Eliza,Kameko,Kaitlin
626,Fey,Philip,Abel,Niels,Celinda,Lyndsay
627,Sammy,Sheilakathryn,Davida,Tabitha,Quentin,Whitby
628,Tucker,Malvina,Illa,Waldon,Beryl,Lotta
629,Maurizia,Augie,Belvia,Sunny,Roderigo,Jilly
630,Val,Randi,Marie,Dene,Marleah,Augy
631,Willard,Mattias,Fulvia,Nikos,Lauren,Nobe
632,Roselle,Osmond,Morie,Arleyne,Gwenora,Krystalle
633,Brittani,Erin,Helge,Averell,Salvador,Sampson
634,Welch,Rafe,Henderson,Phillipe,Alvira,Calypso
635,Lexie,Risa,Benton,Tedd,Cody,Larry
636,Clemence,Arlen,Tammy,Abraham,Jonathan,Tildie
637,Jorrie,Denys,Ruthi,Mack,Ibrahim,Zollie
638,Tonnie,Cary,Gabi,Aridatha,Ailis,Nathalie
639,Melantha,Ragnar,Mackenzie,Loni,Desdemona,Gerrilee
640,Olimpia,Cristal,Pyotr,Inna,Tarrah,Veronica
641,Joete,Hogan,Arnaldo,Douglas,Derwin,Grayce
642,Isaac,Carlye,Damara,Keeley,Ian,Abby
643,Loni,Dagmar,Arabela,Ed,Anastassia,Desmund
644,Minnie,Aleksandr,Devinne,Wash,Malina,Peria
645,Norina,Bunni,Coleman,Orin,Myrtia,Carly
646,Alvis,Thorny,Karon,Lynnelle,Herbie,Joye
647,Jarrod,Ulrika,Fletcher,Rafaelita,Robin,Alleyn
648,Karissa,Virgil,Mechelle,Arlyn,Pippo,Malia
649,Morris,Danna,Debbi,Adella,Felipa,Yetta
650,Latisha,Germain,Brendon,Niles,Casper,Torre
651,Cyrus,Corny,Carlen,Christin,Celestine,Cecilia
652,Micheal,Edsel,Carleen,Darrel,Donaugh,El
653,Athena,Magdalena,Malorie,Chrissy,Kamila,Garrick
654,Abey,Jacklin,Aveline,Mace,Yalonda,Alexis
655,Izaak,Thadeus,Anderson,Lizzy,Abbey,Valina
656,Jermayne,Angel,Rita,Wally,Carolan,Babette
657,Enrica,Evangeline,Antonetta,Mandy,Norene,Hussein
658,Arlin,Prescott,Christean,Stefan,Ryan,Garfield
659,Trip,Laurie,Keir,Alaster,Cornelia,Clay
660,Allina,Nedi,Tod,Candi,Viv,Antonetta
661,Chuck,Godwin,Patric,Briny,Koressa,Ariel
662,Thibaut,Maddie,Steffane,Reeba,Cole,Tobe
663,Darla,Gilly,Bridie,Eden,Adamo,Brander
664,Hettie,Marquita,Edin,Lemuel,Averill,Ursola
665,Tobi,Zelig,Keslie,Huntlee,Jessi,Luciano
666,Bryna,Lizzie,Barnard,Merrile,Kaja,Krista
667,Rudiger,Jayme,Julius,Faustine,Eldin,Chastity
668,Maxi,Pip,Cindy,Arman,Lorie,Carlie
669,Elsworth,Hestia,Juliet,Carley,Demetre,Carolus
670,Jeanne,Kevan,Euphemia,Michel,Leela,Marielle
671,Francene,Jaclin,Odilia,Patric,Herve,Flore
672,Meredeth,Harwilll,Sterling,Ode,Rivalee,Amandy
673,Margo,Ines,Stanton,Mercy,Ricard,Danya
674,Ruy,Martie,Melinde,Rubi,Reinhard,Welby
675,Neala,Auria,Greggory,Johnna,Ulberto,Griffith
676,Britt,Shay,Teodor,Nap,Abigael,Elvina
677,Roy,Tynan,Zebulon,Karlen,Bruno,Maynard
678,Valentine,Phylis,Annamaria,Lissi,Judy,Hamel
679,Rivy,Jerry,Abby,Wadsworth,Forbes,Mela
680,Red,Alfi,Oren,Ciro,Duff,Philippe
681,Sheri,Mariele,Deirdre,Kordula,Carlota,Tam
682,Immanuel,Jeanelle,Shay,Chaddie,Khalil,Kayle
683,Rainer,Gerianne,Korry,Innis,Minette,Guillemette
684,Darb,Lyndsay,Ginger,Ricki,Ravid,Darrel
685,Allie,Flossie,Marlane,Whitby,Flori,Gabie
686,Calhoun,Sonni,Rozina,Marta,Bertrand,Irene
687,Bernadette,Ricca,Cynthie,Ardene,Lee,Calvin
688,Cody,Claudio,Harriot,Roana,Yovonnda,Denys
689,Timmie,Tobit,Brynna,Weston,Addia,Daphna
690,Tate,Matt,Tildie,Harriette,Addy,Casie
691,Granger,Bernadette,Bea,Aymer,Mic,Fayina
692,Jethro,Hamilton,Ilyssa,Chuck,Laney,Aprilette
693,Sibelle,Dina,Gabrila,Tate,Ruperta,Delcina
694,Cassy,Kerrie,Baudoin,Anthia,Harold,Linn
695,Nikki,Fidela,Phip,Reinald,Charmine,Karlyn
696,Carrol,Ediva,Louise,Debee,Rahel,Morton
697,Ivory,Jerald,Emmery,Curtis,Lamont,Laurence
698,Munroe,Junie,Mari,Hendrik,Lily,Britney
699,Ilyssa,Haley,Sela,Chaunce,Jeniffer,Ethelind
700,Niki,Lester,Darrelle,Latia,Rafael,Phillis
701,Marc,Ciro,Issiah,Jarrid,Renard,Chauncey
702,Amargo,Harley,Valli,Estella,Tabatha,Carver
703,Evania,Martie,Artie,Adrien,Tommie,Buddie
704,Pietra,Lawry,Jock,Benny,Ellynn,Lyman
705,Brad,Alvy,Benyamin,Aileen,Goddart,Briana
706,Tessy,Hildagarde,Lucretia,Gannie,Candy,Lou
707,Estrellita,Amery,Cassy,Keefer,Grayce,Aldridge
708,Claudia,Rana,Saunders,Peggy,Whit,Gerry
709,Adey,Annadiane,Rochette,Teirtza,Reagan,Hyacinth
710,Leroi,Karla,Denyse,Cooper,Kevina,Stillmann
711,Sterne,Tonnie,Melody,Lyman,Juliana,Amil
712,Joella,Dody,Reggi,Harman,Robers,Randolph
713,Kasey,Yuri,Stoddard,Lalo,Jemmie,Hubie
714,Eward,Jasmina,Eartha,Pattie,Leese,Case
715,Nolana,Joete,Merridie,Bren,Legra,Bondie
716,Lise,Anthea,Pattie,Cliff,Jenn,Huberto
717,Malinde,Cris,Rycca,Roderigo,Valida,Kirby
718,Saundra,Idaline,Willette,Wilma,Sibyl,Gizela
719,Ivory,Abner,Saidee,Rodrick,Winni,Shaylah
720,Nora,Broderick,Dulcinea,Cherilynn,Morgana,Schuyler
721,Grazia,Darryl,Bondie,Barnard,Tasha,Jocko
722,Lindsay,Karlyn,Bertrand,Ike,Ange,Hilary
723,Evin,Wat,Krissy,Cammy,Charmaine,Artemus
724,Tallie,Craggie,Gill,Elsy,Micki,Keen
725,Jeanine,Anastassia,Rorke,Marylee,Bennett,Debby
726,Xaviera,Francois,Caryl,Ardenia,Marlon,Carita
727,Baxie,Beck,Tracee,Danny,Marvin,Free
728,Shell,Jacquenetta,Thorpe,Gratiana,Rodolph,Erskine
729,Antonius,Gardie,Lin,Vicky,Rayshell,Margarete
730,Gwenette,Sarina,Emmott,Ardelis,Wilhelm,Nona
731,Harry,Elroy,Danyelle,Dulcea,Matthew,Archaimbaud
732,Siegfried,Elspeth,Shell,Filippo,Mada,Glen
733,Patton,Nichol,Reamonn,Chaddie,Mayne,Jamal
734,Denis,Aldon,Kristian,Candide,Weber,Leticia
735,Barret,Kalvin,Melinda,Pascale,Kirby,Howard
736,Vail,Adan,Bartel,Birdie,Cloe,Jaquelyn
737,Nealon,Jackie,Milo,Myca,Dorena,Trude
738,Korella,Dulcie,Joana,Guthrey,Halli,Pancho
739,Nessi,Annamaria,Bevon,Bette-ann,Zsa zsa,Chane
740,Winnie,Lorilee,Lennie,Mandi,Caren,Cathryn
741,Claiborn,Loren,Pasquale,Hewett,Brennen,Fabien
742,Maddie,Cathrin,Bernita,Phebe,Murdock,Elonore
743,Leila,Malorie,Doris,Rosemary,Renelle,Catie
744,Faythe,Dawna,Leontine,Clementine,Myrtice,Lorenzo
745,Idelle,Kalinda,Wainwright,Caressa,Gwennie,Brig
746,Louie,Eddie,Chiquia,Fredek,Briggs,Wells
747,Leupold,Gustaf,Prentice,Collen,Fair,Benetta
748,Griffie,Ofilia,Mattie,Darrelle,Nick,Hartley
749,Hyacinth,Marcelle,Cathlene,Basilio,Sandie,Spenser
750,Solly,Lebbie,Niels,Thomasin,Rheba,Valerie
751,Bee,Dallon,Eimile,Charlean,Smith,Marleen
752,Slade,Maisie,Therine,Worthy,Shelley,Jeana
753,Hildagard,Madison,Cary,Gusella,Georgeta,Rory
754,Mignonne,Codi,Godfry,Caprice,Mariellen,Eve
755,Fifi,Marvin,Bessy,Abigael,Lucinda,Nady
756,Luise,Meridith,Dael,Bailie,Klarrisa,Philis
757,Abe,Evania,Renate,Angeline,Jonie,Luce
758,Ciel,Sergei,Ethan,Isobel,Sisely,Binny
759,Rhea,Nolie,Owen,Diahann,Martin,Selina
760,Rosalia,Ardys,Tanhya,Raimundo,Der,Anderson
761,Fons,Susie,Kevina,Mychal,Jean,Lilian
762,Ebonee,Clair,Nial,Alasdair,Marybelle,Kaleena
763,Alley,Vince,Mac,Valene,Nickie,Alano
764,Phyllida,Boris,Cassie,Kizzie,Annetta,Aveline
765,Alli,Noe,Buckie,Joya,Andras,Nial
766,Gloriane,Jeramie,Royce,Rivkah,Kilian,Dorothee
767,Augusta,Dukie,Tades,Fax,Vidovik,Raff
768,Ainsley,Annabela,Teodoro,Alfonse,Lyman,Clark
769,Pollyanna,Bonnibelle,Timmi,Goldi,Joelynn,Amalea
770,Rossie,Ken,Sunny,Eada,Dianna,Porter
771,Kiersten,Brant,Nicolais,Gigi,Kennedy,Waylan
772,Cindelyn,Verne,Mozelle,Reggy,Edin,Abram
773,Stella,Lawrence,Gae,Steffen,Hanny,Leodora
774,Lacie,Bria,Glennis,Meaghan,Zorana,Francine
775,Ceciley,Palm,Geoffrey,Trueman,Olivette,Enriqueta
776,Laurella,Jessee,Alvina,Farris,Giulia,Gwennie
777,Percival,Thaine,Thalia,Collie,Tobie,Nickolaus
778,Mikol,Hilario,Hobard,Herschel,Dianemarie,Corny
779,Winnie,Sandor,Myra,Rachel,Lynne,Gretta
780,Patric,Kata,Lizbeth,Shelbi,Winny,Irwinn
781,Brenda,Ewart,Marlane,Alissa,Nonna,Sanders
782,Neale,Verena,Aliza,Kellina,Nerissa,Martita
783,Quentin,Alic,Eolanda,Brynn,Ulysses,Babette
784,Stevena,Ingeborg,Alistair,Horatio,Cyndie,Thalia
785,Norine,Anni,Staford,Tabor,Chaunce,Sholom
786,Randee,Kiele,Robinia,Leonhard,Annabelle,Alessandra
787,Emmaline,Kristoforo,Pennie,Giulio,Westley,Tobit
788,Evelyn,Heda,Flossie,Christopher,Arluene,Loutitia
789,Chane,Juanita,Laurie,Nickie,Mychal,Nealy
790,Feodor,Gae,Nathanial,Janeva,Forrester,Roddy
791,Myrah,Sandro,Lisle,Margareta,Kailey,Lorilee
792,Killian,Donelle,Viki,Claudelle,Ardys,Cale
793,Axel,Petronia,Delbert,Angelique,Leo,Ban
794,Lissi,Myrtle,Ina,Elliott,Berkley,Neysa
795,Chrystal,Rycca,Cicely,Quinta,Isa,Clementius
796,Dewain,Maddi,Hollis,Lana,Morey,Bethanne
797,Amalea,Mohandas,Krysta,Flynn,Kelby,Mirna
798,Manon,Theadora,Kerwinn,Siward,Audre,Elonore
799,Laurette,Federico,Bernardine,Guenevere,Kevin,Bertha
800,Myron,Dehlia,Tally,Ravid,Cass,Rabbi
801,Lina,Benn,Anselma,Bronson,Ellynn,Mal
802,Dannel,Layton,Elvina,Eldin,Margette,Kassey
803,Kristos,Madelon,Christin,Haroun,Benetta,Pollyanna
804,Iseabal,Fidole,Broddie,Brandea,Sybil,Vin
805,Herbie,Nelia,Maureen,Ileana,Dulci,Dunc
806,Jori,Papageno,Gretel,Legra,Nels,Davie
807,Paton,Mureil,Cristabel,Lodovico,Benedicto,Delphine
808,Alexandra,Garek,Corrinne,Lorianna,Algernon,Enoch
809,Nananne,Dulcy,Junie,Hillary,Zelig,Devon
810,Dani,Alfy,Kimberly,Matty,Kalle,Tad
811,Dona,Pinchas,Ole,Mikkel,Ingemar,Linell
812,Fedora,Camila,Rog,Tatiana,Joelynn,Mariana
813,Brade,Chrotoem,Coraline,Torrance,Sophronia,Meredithe
814,Itch,Wilton,Darcee,Eveleen,Johnna,Adrienne
815,Stacy,Heida,Emanuel,Lucille,Drusy,Ada
816,Gibb,Zarla,Ladonna,Carina,Egbert,Rosanna
817,Mellie,Giuditta,Jose,Gardiner,Kaia,Gerri
818,Keane,Diandra,Penni,Shelby,Claudian,Anderson
819,Camel,Jarvis,Wendeline,Bryanty,Silvia,Sibilla
820,Parnell,Peria,Rodolfo,Sophronia,Garvey,Sascha
821,Vivia,Kimberly,Errol,Lorette,Muhammad,Junina
822,Jehu,Olenolin,Frederick,Cassy,Morgen,Symon
823,Hieronymus,Miof mela,Carole,Ephrayim,Carolin,Ky
824,Ethelred,Hill,Jamaal,Damiano,Morry,Hendrika
825,Stoddard,Trisha,Clifford,Martainn,Penelopa,Casper
826,Celle,Aprilette,Lynna,Rip,Esme,Isaac
827,Waylen,Tove,Dacie,Heddie,Beck,Germana
828,Cord,Sullivan,Morganica,Brian,Witty,Euphemia
829,Lowe,Pavia,Thebault,Stephie,Madelin,Yolande
830,Stormi,Anita,Ferdy,Dedra,Zilvia,Mordecai
831,Ryon,Harman,Thomas,Darice,Grenville,Giorgia
832,Janka,Cyndi,Agneta,Padriac,Roley,Corbin
833,Stacee,Eric,Bridie,Bab,Jasmina,Roxanne
834,Bruis,Eadith,Ches,Adelina,Brian,Elsie
835,Ingeborg,Normy,Ryon,Lindsay,Rosalia,Zorine
836,Una,Larina,Cyndi,Moyra,Zelma,Carny
837,Kelly,Cammi,Karlotta,Mahalia,Eugene,Inez
838,Aldin,Anthony,Arabelle,Farra,Farley,Adan
839,Auberta,Mordecai,Hazel,Felisha,Liuka,Cleveland
840,Nalani,Judas,Delcina,Bebe,Armstrong,Rosalinda
841,Shep,Suzi,Merilyn,Madelle,Meredeth,Cordy
842,Casie,Keriann,Esme,Arleen,Geoffrey,Roman
843,Ignazio,Christoph,Desi,Esra,Tessa,Murvyn
844,Elvin,Wilbert,Anthony,Nikolaos,Tove,Gerrie
845,Gaile,Ailene,Kermit,Quintus,Christabella,Murielle
846,Nananne,Addi,Dorene,Kyla,Sigvard,Gerry
847,Billy,Howey,Royal,Florenza,Meredith,Sissie
848,Dory,Desi,Brittni,Marline,Sophronia,Knox
849,Salome,Fonz,Hanny,Janean,Ellwood,Hyacinthie
850,Ginger,Ansley,Putnam,Cordey,Hailee,Farica
851,Maura,Zach,Basia,Graham,Craggie,Marcel
852,Dar,Oralle,Daphna,Caspar,Lilas,Annnora
853,Victoria,Ulla,Daphna,Fidelity,Laryssa,Zsa zsa
854,Barbara-anne,Guenna,Lacey,Manon,Lay,Nertie
855,Britta,Tiebold,Juliette,Martica,Dick,Hamil
856,Malynda,Rudyard,Isabelita,Geneva,Sandi,Chloris
857,Fonsie,Iona,Jolyn,Aldin,Tessa,Alberta
858,Prudi,Blakeley,Ailee,De,Andromache,Howey
859,Ethel,Colby,Shayna,Aluin,Verna,Xavier
860,Leah,Chancey,Spike,Willem,Francesca,Cassi
861,Avrit,Tressa,Gunner,Oralia,Nikolia,Yanaton
862,Brina,Chryste,Roselle,Arleyne,Emmye,Rosetta
863,Ernie,Horatia,Mortimer,Natalee,Mabelle,Laetitia
864,Nikolai,Chris,Karlen,Caterina,Sam,Jennilee
865,Abran,Chevy,Samantha,Dannie,Mylo,Derrick
866,Vinnie,Dotti,Holly,Timothy,Kissee,Elston
867,Gearalt,Savina,Ezekiel,Norby,Mavra,Hendrik
868,Logan,Ashia,Kylen,Denney,Mauricio,Curry
869,Tammie,Therese,Kenton,Selle,Cesar,Marjy
870,Germayne,Derrek,Cornell,Marion,Joline,Bondon
871,Elisabetta,Phylis,Bab,Rad,Nikolas,Haze
872,Levy,Zacharias,Kristos,Jaclin,Torie,Jorge
873,Pincus,Joshuah,Sauncho,Glennis,Thadeus,Marlin
874,Luis,Denise,Lilah,Ricardo,Cacilia,Auria
875,Jessee,Cilka,Nolan,Celesta,Wake,Carolynn
876,Avrom,Jenilee,Ransom,Christan,Jody,Debora
877,Leigh,Christos,Milty,Florrie,Essy,Wenonah
878,Yasmin,Jacinta,Ruthanne,Percy,Tonnie,Ellyn
879,Ailbert,Dedie,Tessy,Marlee,Renard,Dorella
880,Cristal,Blondelle,Corissa,Shayna,Troy,Irvine
881,Theodora,Bev,Sasha,Aaron,Marissa,Elton
882,Ludovico,Normy,Bobbie,Hiram,Chryste,Giselle
883,Philbert,Aurelia,Ilysa,Darsey,Xaviera,Essy
884,Gusty,Lisha,Alyss,Iona,Park,Francis
885,Austine,Jermaine,Kareem,Neron,Arni,Carmel
886,Lizette,Milly,Cooper,Say,Del,Bertie
887,Atalanta,Gregorio,Gisele,Dale,Hulda,Elianora
888,York,Gib,Lorilee,Inness,Jody,Barby
889,Forest,Huntlee,Damita,Samuele,Tannie,Raychel
890,Deerdre,Avrom,Janeen,Allyn,Lynea,Shanie
891,Florida,Tuck,Dorree,Burr,Christian,Grata
892,Etti,Aldous,Carce,Jackson,Nehemiah,Dan
893,Paco,Jamey,Reginald,Paola,Rosabelle,Everard
894,Brendin,Peirce,Oliver,Terri,Garrot,Thomasine
895,Coleen,Pepe,Obed,Cordie,Odele,Myrvyn
896,Lilith,Cassie,Estrella,Judah,Adella,Loydie
897,Diandra,Araldo,Ludovika,Juliet,Godart,Eddi
898,Starr,Abner,Loydie,Miran,Marcie,Cass
899,Ralina,Othello,Melita,Hymie,Patric,Philippine
900,Leonidas,Bailey,Stanwood,Valentino,Osbert,Tobias
901,Dev,Amanda,Barde,Chandal,Ravid,Cassaundra
902,Cary,Romona,Garrott,Kippie,Graig,Alejandro
903,Goran,Lexie,Deeanne,Freddie,Braden,Harris
904,Danella,Gabriel,Dew,Myra,Berthe,Doyle
905,Thadeus,Erroll,Dillie,Eberhard,Freddy,Paulo
906,Louise,Lise,Crystal,Stinky,Isabel,Tallulah
907,Stanly,Jesus,Sidnee,Ives,Lorena,Iago
908,Keir,Maritsa,Shannen,Maryanna,Geoffrey,Darcy
909,Rosemarie,Willy,Emelyne,Nelli,Stephi,Stinky
910,Eloise,Teresina,Hirsch,Milka,Hayyim,Rivalee
911,Alair,Korella,Becka,Camile,Jarret,Lyndsay
912,Randolph,Miltie,Sella,Colin,Brendon,Inessa
913,Nollie,Gabrila,Pinchas,Vernice,Isidro,Lowrance
914,Elnore,Aurthur,Marillin,Vivyanne,Martguerita,Lacy
915,Charlean,Andrea,Marion,Bran,Moria,Gabriello
916,Walden,Giustino,Carmine,Jess,Con,Sibylle
917,Roberto,Ilise,Anthe,Shaine,Osgood,Lishe
918,Zak,Domingo,Torry,Katherine,Ado,Budd
919,Shannah,Lucienne,Veradis,Alvina,Kym,Ephrayim
920,Ronald,Remy,Christel,Renae,Haily,Avram
921,Shelton,Odelia,Frederico,Cammy,Cassandre,Gabey
922,Iggy,Alta,Tremain,Agnes,Milicent,Coralie
923,Bennie,Jackson,Brnaby,Bethany,Murial,Andris
924,Gay,Jorrie,Elmo,Shirline,Curry,Cybill
925,Darcee,Emelita,Tiffanie,Gilemette,Paulie,Perrine
926,Nick,Bernadina,Daile,Bella,Dacey,Bank
927,Lenna,Husein,Cori,Ag,Enos,Gifford
928,Alfred,Maryl,Margie,Noe,Arlinda,Marco
929,Goldina,Menard,Viole,Dene,Jerrome,Georgeta
930,Corbett,Vivien,Carr,Loretta,Neely,Annabela
931,Delphine,Kay,Bent,Grace,Sherie,Cybil
932,Bellanca,Delmore,Gill,Josephina,Zachery,Tye
933,Gard,Grazia,Freeman,Moselle,Brennan,Norri
934,Orville,Kissiah,Fancy,Fowler,Noell,Editha
935,Ashleigh,Frayda,Kendrick,Tymon,Svend,Antonella
936,Brnaby,Issie,Evvy,Mercedes,Adolf,Algernon
937,Wyndham,Eleonore,Merry,Minda,Fleurette,Dorice
938,Chen,Carlota,Nicoline,Dacie,Deirdre,Sandra
939,Dante,Abbie,Quentin,Corena,Cheri,Germain
940,Rolfe,Kassie,Roselle,Devora,Nickey,Sandy
941,Yelena,Benedict,Rayner,Dore,Curry,Chandler
942,Carlynn,Rasla,Starla,Marja,Abbott,Jourdain
943,Tabbie,Brittne,Moore,Christabel,Ashlan,Robinet
944,Hastings,Harriette,Minnaminnie,Sheree,Dannie,Amity
945,Rochelle,Theobald,Fidelia,Olly,Alfreda,Danyette
946,Ruthann,Morie,Hamlin,Basilio,Shanna,Angil
947,Keriann,Shay,Fredia,Madonna,Carrie,Desirae
948,Andrus,Allys,Joete,Diane,Chrissy,Byrann
949,Jamie,Catrina,Simonette,Cariotta,Jacky,Anne
950,Kayla,Aili,Krystyna,Ileane,Holly,Mavis
951,Laraine,Bertine,Caddric,Obie,Vincenz,Jereme
952,Thorny,Renard,Letta,Giulia,Benedikt,Margo
953,Maury,Alister,Keir,Derek,Alric,Dianne
954,Rikki,Corty,Gunilla,Sophie,Ossie,Nicoline
955,Otho,Arleyne,Hermina,Ruthy,Mathe,Stephana
956,Bary,Kriste,Erny,Dorella,Rodney,Judd
957,Fee,Halsey,Hamlen,Donovan,Roland,Carlee
958,Lorrayne,Fleur,Kerri,Dorena,Mattias,Susan
959,Dill,Vicky,Brocky,Philis,Stanly,Martie
960,Ferdie,Brendan,Cordi,Bethina,Ezri,Marcos
961,Gwenny,Field,Ceciley,Daisy,Dewain,Laraine
962,Lemuel,Bernie,Sawyer,Yul,Filippo,Jolynn
963,Esmaria,Ruthy,Jerrylee,Adella,Briano,Selene
964,Lorette,Brigid,Tyne,Sidoney,Teri,Kerr
965,Mayne,Kassia,Emilio,Sada,Berget,Barrie
966,Bevon,Lissy,Gearalt,Baldwin,Dacy,Alida
967,Dee,Kingston,Homere,Baron,Blinnie,Heidie
968,Hulda,Celesta,Marlin,Leoine,Blair,Hestia
969,Shell,Abigale,Cornelle,Freddy,Orin,Borden
970,La verne,Keefe,Hercules,Inglis,Savina,Welby
971,Fabe,Astrix,Dolores,Teri,Alexia,Ivie
972,Robert,Ronica,Aguste,Emelyne,Kennith,Agace
973,Moshe,Brig,Rip,Jilly,Mira,Gilbert
974,Deloria,Say,Gabriel,Del,Kurtis,Gib
975,Melisent,Candace,Gerard,Marielle,Fonz,Hughie
976,Rutherford,Arnie,Joana,Micheil,Melitta,Ulla
977,Mannie,Frederick,Basia,Lorrin,Tatiania,Verla
978,Christie,Wit,Daniel,Mira,Julie,Leo
979,Deerdre,Freedman,Becki,Barbra,Kordula,Vonny
980,Joyous,Leigha,Harlene,Cinderella,Pearline,Justin
981,Louie,Valentia,Tiffanie,Donelle,Agna,Perry
982,Lucinda,Aube,Koo,Zedekiah,Parker,Ives
983,Belvia,Rees,Sutherlan,Cirilo,Ula,Kailey
984,Shayla,Linn,Elaina,Niccolo,Rodger,Romeo
985,Filip,Viviene,Maris,Lyda,Jaquenetta,Carolus
986,Hunter,Sheryl,Torrie,Fania,Flinn,Karlyn
987,Aeriell,Andreana,Ola,Sibylle,Philippine,Rock
988,Valma,Jamill,Warden,Oralla,Adolphe,Atlante
989,Christoffer,Charmane,Sam,Nevins,Vinson,Maddie
990,Diannne,Jill,Brandon,Alexandrina,Kanya,Helenelizabeth
991,Ilaire,Bastien,Cherye,Beatrisa,Edithe,Addi
992,Arabella,Fawne,Anne-marie,Colin,Fancie,Inez
993,Trip,Nikoletta,Merv,Emeline,Ronni,Biron
994,Ware,Dorita,Griswold,Cristina,Elvina,Daniele
995,Mariejeanne,Rosabelle,Maritsa,Adore,Moira,Jarrid
996,Astra,Avigdor,Vickie,Birdie,Markos,Felipe
997,Kelvin,Dorotea,Rhonda,Danyette,Suzette,Renata
998,Oliy,Goran,Levy,Lilllie,Tuesday,Agnola
999,Nolly,Trisha,Adiana,Herby,Lisette,Blancha
1000,Waneta,Kenton,Feliks,Anna-diana,Allianora,Mario
